,loss,acc,val_loss,val_acc
0,1.038312315940857,0.6000000238418579,101088.7109375,0.5849999785423279
1,1.0194982290267944,0.5943750143051147,1144.87451171875,0.2956250011920929
2,0.9706898331642151,0.6287500262260437,2.0907247066497803,0.5887500047683716
