,loss,acc,val_loss,val_acc
0,1.0993882417678833,0.5950000286102295,140234.625,0.30000001192092896
